ID,Price
1921059045,2941309765.8191533
8079030350,6960200303.432619
1995200200,6042570468.630653
2979800845,8064021834.603171
3448002180,11335761319.664906
9510320150,8259827718.708405
7942600310,6624964009.819381
1310440590,6154418869.198582
1257200050,16303973538.524864
452001540,9046504405.19793
3530200160,10185831084.905733
4366700140,2875240287.7453957
1697000370,3134486406.8798327
3425059076,19417898516.433945
3755100005,8070194045.17349
7430200100,17789369540.557373
6873000150,6433140935.302362
2581300055,12031346509.673944
1015500300,6994063541.42774
7215730040,11469826948.070114
8857640210,7282263939.9039135
7694200070,6789677290.976149
2123039032,10396091019.520033
8651441290,3453047843.702264
3585900305,13585854925.161283
7132300525,6947863401.332972
6300000550,8062436292.458417
6140100095,6611587953.919808
6882510060,6335641702.588148
3629920630,9448630624.519053
6031400092,5825664221.47445
7537300210,8489048597.374703
9828701507,9707523383.718721
7436500060,9207839281.048235
2472920140,6360609945.385039
4427100025,6274525364.077959
3034200275,5725875226.606834
7972601250,6644853590.715573
6813600365,9024761327.436579
461001435,10824380552.499292
1560870470,5412376870.987476
3832051140,4855442778.302102
3901100055,6455087737.901296
4031000520,3047269749.014197
7732400280,10917627096.73401
1442800060,4254321520.9507165
7523700210,3029437125.760352
1313000650,8895056140.540503
5267000180,4853503120.973648
1446403305,3202323749.0834093
5101400862,5863753862.309867
8562720230,14078153729.74843
9826701201,6268519158.838804
5152200020,3908513409.569867
7010700308,15505253101.768559
8078440050,8691604501.621414
2739200050,5042108145.425442
5635100080,5367223415.563142
6798100690,11985549541.1344
4100000050,9669916853.433142
6061400160,5786111882.708805
9284801165,4574160962.476623
4232900250,8779941159.141897
6700390090,3952095653.5308156
2391601380,7845401812.5958
3886902590,8412523892.685147
3359500665,9554001138.137474
629000605,16818640968.585264
822059059,3164627119.0559144
6018500120,2859694854.9875927
7645900055,8868276598.395535
2258500049,8278499110.641357
8562600260,7439368587.987503
6675500133,5033757512.9252615
7853240560,10146555245.262165
1136100087,13990062233.000303
5016000315,6896174379.671267
5104512180,6968366859.924605
3500100047,4516773848.383586
3885808035,9561737809.205574
7853420450,8554126624.174716
1448800010,3817080278.103922
2475200930,4011772904.3908167
6752300120,4234980215.62856
5727500019,5957076773.626572
4444800045,8939301758.893633
8682290100,6987537570.371752
3326079016,5195047095.963611
3876310300,6608941593.717025
238000244,6761635611.819948
411100005,4326278449.7371
6873000190,8790014427.949827
3526069070,10217439483.351263
3797000205,7343945218.062852
7504100590,11718848791.636757
1561600025,10153588136.930695
8824900050,10717998538.447676
5104510010,4560893210.557143
2867300190,6556580685.092405
8964800225,12807550108.872469
8645530060,4669273554.499373
5071401000,15911716941.144798
9432900040,4806669504.054205
9526600710,10645349907.918142
8645500360,4109174034.767535
2205700345,8011814175.003234
4206901435,8408511692.556817
418000010,2996715324.3986
8712100760,10585287885.752441
1929300305,16382984850.278381
4058802335,4558845949.930296
408100110,5478126823.510243
1789900065,4977164744.00563
9161100075,9617743518.36021
1326039061,5868245999.936116
7852120140,11524330493.769897
3062600050,10906167946.743927
4037800020,8038692870.583309
8665900291,8195011306.814675
8096800260,4105540827.053142
104560540,4473817827.707528
7312400030,6586060123.849747
2887950020,3638343786.6637464
1223089066,10970365458.868975
7137900490,3655802067.657535
6352600490,11319857744.44364
1105000588,4767925878.848194
4319200060,9998119263.643051
349400100,3619060402.9579134
3278604510,6286057521.315129
3131200640,10597831207.123901
3342700610,6187676028.075553
9828200147,8382067860.777614
7459810210,6156377175.541401
6117500025,7849112459.778921
3329520170,3168546047.968713
8024202380,7279191994.203867
3192000085,3080714798.4811993
9527000180,8834873898.28513
8722101100,12165709886.612295
923000280,13927937637.221811
3179100482,6877465208.353145
3754700050,6336650589.345756
6341000221,4211725125.5633063
1023059430,7049218468.967145
2922701085,7802621709.559835
3333002302,6977480506.715112
579002220,11863170393.955593
1001200035,3774912663.199489
8562740370,10466244956.35232
9406520290,4317924972.298048
9834201205,4779152320.222205
3125079013,12964399048.672329
4054710190,10017725525.65121
3679401110,5187013216.871325
3425069083,18382459511.635635
9276200850,8000238246.534868
3395800305,3856416399.753208
5315101716,9480963801.88012
3630200480,9775341729.978899
824059305,30050532159.554535
1782500065,5393138418.5182
5029451010,3342289198.065911
5101407250,8755278923.160522
7932000041,9569473922.664635
1523049083,3444885706.8044147
104560280,3989879012.564484
1624079021,6889559538.694723
8860300300,9002263181.169455
4239400960,2493272509.3803077
9828200762,7347466441.690092
2023039045,5385762697.365205
1068000110,15978562897.756926
8562780110,4213108267.851494
7625702350,7250624303.515722
9468200125,7570608795.404228
5706200170,6951613029.962602
2488200168,6793724358.043282
7129303240,5907169711.539847
9262800294,4371439858.081937
9510400100,5576952764.792321
40000362,2503966347.8297534
9476200290,3675856665.8506036
4365700330,4033104378.866396
2923049372,4799137185.492538
5381000082,3166796119.0171766
3521069146,7540476089.458431
458000065,9193091327.868505
9809000020,25218902982.88109
3530440140,3757611501.7469354
4459800070,8816411975.789219
7347600490,3769607818.6318493
7183000120,5089827289.49342
1771000290,5921909401.154765
2414600195,3860114600.3075595
2767603591,7195667780.581934
3278606110,6090623624.291407
4408100095,4807716714.208002
2420069268,2905211538.654296
2420069042,4106826903.649942
2724200705,3027649386.076799
1422300100,5607392456.251597
5162100820,4428928247.263149
2770606890,8112708910.453992
8564950250,7927121113.586956
7986400360,12408055504.63313
3211230260,6529224815.443242
4139680070,11997522066.639807
5430300171,8506453852.088184
3943600020,5879579146.234316
3528960020,9826117268.72235
2524059267,15701867374.161753
6623400187,3905283669.2116036
1442880510,7456724221.614681
2880100240,7916233222.720063
2919201335,9944396571.920815
3775300030,5153396257.749888
7340600735,6014084317.282299
9512000140,8901532934.62302
1370802540,14336946847.070854
3362401935,7999317375.646987
3346300356,9215245636.3471
4038400130,7099120157.629162
9126100765,7954746763.738454
3644100030,6763925388.205194
7701930180,12020390207.7685
8563500020,9597534442.143589
2172000570,4658419304.738589
5651010150,6210688723.228961
3629760330,8808584971.180052
7852170140,10079979465.7447
9392200030,3849630510.852433
7853420480,7912906760.57096
4139420430,21281473978.570923
8899210320,5786173579.034793
955000453,7300942387.321848
1542800010,7578107600.575569
7893203450,3601694895.298318
993000100,10999779854.497322
1133000050,6439674267.401064
5076900010,8663057054.18448
1422200496,14481368804.45543
6613001241,22772570017.848083
1324300380,8397827751.27376
952003435,6530265687.284633
191101015,9713240596.090075
6085000130,3025864671.515935
7772000010,6396169404.537459
2767602720,8135686578.045431
1126059144,10459570094.419418
2485000165,8851265319.580154
225069017,10098151969.496302
8732300430,11399754019.437115
9471200370,29871045586.62104
1529300410,5830963349.307011
3313600266,3082350460.333524
7501000340,14711802562.05078
7772400160,5391711434.20258
9285800020,9340180583.293423
6116500075,7718812464.866001
2968800660,3471044508.2027392
2891000450,3057198228.2181616
7787050180,8590587173.988478
5144000036,5157048141.112206
3579800180,6260859307.84938
4104900150,8974526668.394777
2785000290,9519764583.404736
4386700135,25476392675.871906
524059241,13403752743.187328
1796700160,4010179252.3703775
5700001045,10829864730.738892
8091410080,3926471377.85224
1843100340,5279004865.514519
827000110,5078788716.647813
5100402644,7054020842.003092
6453300055,3186638630.0580125
4336000050,3665434958.216081
2473351050,5165715610.357512
1788800770,2615267086.974149
8700100010,4725976556.404383
7796100080,13617145930.514011
3578400780,7506623218.653205
3583400120,6936296106.551405
5428000070,12680806165.07526
856001130,18222301450.32071
4037200585,6833316713.409183
7120000210,5215272173.786943
2985800225,8659200383.01488
1922000180,17745504061.551525
4310701330,4935722461.739138
1646502055,8042945560.592227
2976800796,3517655260.677101
1118001631,18284908351.08422
1826049430,6079957120.284753
7015200136,14016047243.433887
3840700653,7919860282.606951
4249400270,6335547396.455951
6145601819,5249967011.592912
6386700110,3679649421.746474
2853600155,3335372514.8700504
1176000964,8545229910.472039
363000045,5782435509.183048
461004730,7172824893.679842
2424059174,24217651902.060776
3394100020,17509133730.293995
6908200080,10797193592.898808
5416510830,4605422711.060502
8820902700,5224311027.906488
1954700610,27598585694.32909
7754900280,5536560043.03524
7796450190,4100179963.625871
9828200746,7175531418.434247
1196003428,7374497757.313928
2826049160,6468906783.304249
6093000065,5404861685.552793
3585900500,29643142617.132572
1445500010,13794962216.282572
7548300441,5481661319.440916
7677300010,10292754493.193758
6450302175,4956454745.230029
3508100135,14590469640.896227
1473200130,5453125043.805288
3568200060,3856541186.2729473
1231000640,4218139408.7851205
8835900010,9211923481.31255
8651441620,3308521266.5976787
6679000130,4173110085.5731287
3438500981,4733297581.081211
7327500200,4204544515.3626647
1021049022,3686392878.5796537
1937300193,7554375935.498332
293600080,3989013131.801919
9325200110,7015384115.447847
3797000295,6139327568.781753
7527000090,9690504892.276243
5499700045,10574847118.250744
4233400340,3775338766.062257
6031400071,3793725606.845618
3905000540,9957576399.850618
6696800030,9096314706.963028
9828702851,10264480197.454107
8663200450,7193764017.235667
2264500350,7272019365.435354
4317700085,6951809312.392517
3276180210,3902804377.435751
7856400410,18691685177.19307
930000289,7991436900.707924
6762700020,90096511211.18669
5288200070,6323378965.981697
3013300968,5584010820.973173
65000210,6716402958.697471
123039626,3781259428.4407535
1370801585,15162928425.22587
8665900328,6212595692.659945
2591720070,7407005753.937211
7214800430,6542256462.998645
8645540320,4115984697.261196
926069140,12423126516.144138
3876311650,8646959180.58147
8562750300,8664660955.07859
3830610320,3955316497.302286
1545801850,3659937927.7698193
795000885,4181614987.6433387
7616200050,8368529446.476684
2560803085,3598167943.400004
5379800862,4955698463.716372
3876312010,6671388396.3818
6861700156,16354694113.280066
8651431100,3145950982.0627055
6448600060,18717430466.85787
7812801925,3974523230.1361666
5312100060,8125310487.802142
148000035,9644475979.017359
2481200140,5609089383.851942
6382000080,4374523326.347782
3629760110,9890369959.399036
2264500425,8785608581.323063
326069027,9803789642.926596
7335400345,2561609806.6830554
9169100185,8368161736.031544
6649250410,5334451870.102825
2787311190,4202170928.779574
1222000055,3071913555.395623
9508850100,9815156028.326061
3331500650,4251902965.2622957
1796380960,3964647535.229347
5583200810,7855930579.689978
4045800040,10415176655.911547
9406510130,8262628308.112739
6021500245,7777246111.784694
8562790720,10505706274.011986
5556300114,12502909060.896389
9407111100,4121244277.3376203
3221069091,7240980506.724342
5561300380,7704968000.365494
2767600635,9917682618.485275
6071700160,9815798344.26617
2423029009,10010710718.128378
2558700090,6333249651.538069
3630080190,5188850405.580359
8899000190,4306285892.713223
1430800100,4627863871.752213
9414610020,8882047131.729586
8945100320,3186636257.864447
1909600046,6937225363.580844
2655500235,23024147941.002354
1311600020,4165915367.129449
9188200570,5195492395.792064
1898700310,3471206076.5596356
3276180140,4153390494.2426825
871001085,10087213846.376772
7999600180,3536533257.9041734
8562890280,5363865270.621986
7787890050,8106967057.247418
8945300090,3312979681.866881
2768200212,7702113980.500813
5416500520,4417399019.439173
5200100125,9196092992.120708
2888000030,7155067565.887968
3629921240,16287741317.941616
1424059130,8350768947.607001
1523069096,7396074835.64534
6799300130,4451655775.218679
8887001140,9495379519.160154
2767704777,7548973845.63427
809002030,10618625666.363226
6146600595,2959792165.097415
2011400710,5428451114.973924
2877102345,8182685469.649729
6450303235,4734207004.114256
1863900225,3633179262.3640275
2144800311,4602213517.514984
9455200570,8564364261.080781
1237500120,6954976585.088996
1088020070,9698399127.272247
4141010110,24924867536.55687
2741100280,6140432829.856097
3426049031,19983615696.690968
2473450430,6535250364.779425
9834201100,6669600180.134336
7812801700,3338713350.5645256
7129301445,9962597365.039673
3876300310,6713980842.215689
2025069140,27473486232.639545
4036800015,6939848963.512725
9315300260,3036668008.6243734
6117500980,6527769440.547875
8665900206,5522109259.860421
7312000240,8548644907.360214
7805450870,12917949452.025244
1721801591,2799948280.6767054
3500100015,4471018910.577689
4217400305,14764902521.381102
7852000010,7084482492.766742
5694000768,8694333450.944437
6899990230,12319334443.877209
2249500059,9570284694.079506
6648760150,4244970908.387375
7789000235,3364365084.9055114
9407001320,3906832106.384061
8917100153,9346671945.372225
3782100155,4516595851.657007
5066400564,2948866699.157501
1231000510,6088189490.022722
9528102110,9597394605.991821
5411600020,10174857312.653023
6600400260,3398101144.058409
1425059193,15930106832.04148
7853310720,7325965524.086911
8141310030,3962510325.951526
5101408735,5090774930.856423
1516000055,8236935387.872605
9284801500,6445180630.799868
8121100255,6885502330.359182
5014600240,10246711483.301786
2424059163,17375228481.952168
4139440480,12367051611.415436
1005000220,5808656718.239982
6169901197,13801825710.146708
2523039239,3305939791.552255
3416600185,8050954254.488442
1710400005,8522980212.432891
7853221330,13147135543.300407
3832500260,3881297153.1029816
7972000200,3684524900.308734
7642200095,3645926776.9483633
6713100031,6487135573.399016
522069111,7684100187.355033
2464400435,9420158449.36922
3751604653,3533119292.866422
2424059116,15165326398.223783
6669070220,10552956825.961025
7387500235,4801253461.823761
9211500620,3769077642.5375924
1422029117,5774137655.272306
3629970680,6447085728.141179
7237590010,3247034060.938882
9558020840,5164826799.098235
4154303655,7881206217.716822
1036450290,6837513495.887361
4140940150,6929799126.288848
3342700405,8657591631.501017
9100000040,7222538169.5069895
713500020,18651318637.050602
2239000011,5974453937.444774
2926049086,10369194089.319902
2011400019,4231848393.4067316
2742100152,10018749980.980417
3325069064,7828192276.165953
6817850050,14035683676.76419
8149600065,13129773592.96237
8861000060,10537465141.851257
2207500880,11394085837.443829
6415100297,7185559848.772136
1023089197,4752333244.778361
9406540130,7877971733.561184
6306810110,7271043390.463226
8146300015,10024608779.19455
5583200345,4289687049.807672
2749600095,8312213334.110085
4395600060,12288445004.576714
1853200080,7522801216.311145
1873100390,9583072380.54842
1560920370,7841582487.876956
3622069122,9402654454.513601
7844200040,4946120921.057291
1931300850,6957009807.195747
1233100720,7234576743.059854
8092501240,3941256229.91415
6414100111,5159241892.125572
7904700146,4379631327.912549
2310000240,4044325567.6927533
5072100095,6483316791.887975
7212650240,4378906283.113401
6402710070,4127601598.1009493
2025700860,3814272306.912078
6411600370,7694314245.983626
6623400090,4090363320.961749
8907500070,72489100295.02893
2624089022,5414501604.689959
6893300350,6970075263.45304
3931900510,14059903227.703081
324000530,6967123517.509442
4136980090,15113568263.485847
2824600180,14205273133.78449
3959401880,6641944428.148304
3586501075,8546923690.299065
7300410060,4150970655.685231
6392000625,7308788278.846328
4024101440,6492281939.714126
1732800199,10867428601.758461
9346700030,10390216928.40509
6303401365,3568654744.93935
9126101645,8456603899.0345545
2877101031,8377567976.191103
6136900045,5966460528.2526
1442300005,6305195488.444302
4364200075,4300074251.945796
1997200215,11823609884.458776
318500300,10012877317.293121
3025300250,17092667533.188513
6002400030,5618688872.55269
5561400470,8921779275.014624
9285800590,8040262552.980795
5249800345,6663801559.927524
1860600535,13990318182.573952
7305300500,4344019365.373737
7853270710,9930300059.934246
7133300044,6283065140.841264
7879600070,4210204762.448566
2523069172,9156196232.435547
3904901520,5763096472.068526
4441300075,11410057153.336254
7338200170,8553063401.762711
7889601270,5388750120.383499
4303200130,5869252797.165517
6370000070,7072397003.966017
1180008315,3478476867.397769
4389201095,41621429821.88945
8568700015,5444601532.95708
582000135,8157399821.834129
476000017,7104844073.040701
6790830060,15563321059.355341
3296900130,7171244858.624955
624110050,11214508026.136066
2597520580,11417522772.025373
7504010750,9686224994.773361
8562720420,18189940094.41817
6073200010,8777674785.482735
9290850330,12477456648.587427
1796380060,3604754780.4451995
5101405338,6816168386.603127
2076400050,4558257403.487176
3321069006,9048871592.062515
5460500040,25037963906.46158
3904100106,5083795567.41461
5615100330,3781069787.0416503
23500190,8880889745.369087
4037000185,8264585745.733024
8682230400,6452292583.976898
1042700060,11979693516.201786
8944460170,6019639710.453641
3362900696,8202094523.722228
5468780020,4889844183.96076
686300930,7558835315.479957
5122400025,6653820444.504068
5547500050,4082093160.952077
3793500160,4748735744.651725
5589900610,9153927815.795387
5102400105,6585995144.56655
2041000025,7928794468.577931
2767600686,6803894930.438305
1441000470,7068735701.85491
7752000090,10330559212.043573
7922900250,7264282622.855055
923059252,7383516798.390537
1036400200,9538878848.80242
926069132,8934177732.675694
3782100145,4872748683.9263315
259600330,7020448925.75197
2770604346,7939643831.782853
7857001560,5668280633.47538
7504021510,10913966219.830072
8562790150,12009459946.365122
9136101271,9570717310.014898
9376301111,6250726831.464065
6021500970,7203413699.05189
259000240,6938179408.165844
7852020660,7545007560.753852
2767601031,8627509130.105494
3832500230,4441000132.088141
425079046,7335030402.830184
3300700480,5230315336.443452
1326069094,6459680846.2965355
8016300250,9197371214.518856
2193300620,7586164048.205437
8901000911,7140853478.241853
2426039247,4759755030.274792
5530000050,4277793712.7062173
1370802335,16619641572.288052
2056100275,8438158376.033752
9839300545,9218075019.70631
8019201061,3411866827.3926845
3626039415,4809845126.395471
6821101837,6186642974.151095
8856920110,6290043993.375078
2128000160,8314148821.751253
3761100045,43331961116.58392
1824079052,14823199071.833506
3584800010,7146815639.37314
4279600010,10083701655.271782
11300120,9901316931.479982
7335400215,2464615960.28112
2517010120,5353099318.688232
4027701326,7074500781.767148
7950302121,3996780926.9415965
3052700385,10771727139.212593
8562750550,8844403817.951088
1795900210,7487581358.653017
6870310010,9355119126.492641
5422560380,7840802651.448233
2954400020,18277447193.313217
2310010270,4077858125.2671432
9294300600,19162224705.018368
6056110780,5314599891.809702
8894000040,11058053980.661371
3222069153,4605169284.784722
2332700060,12640032456.965063
6979900370,10034101147.124588
271200130,3700935259.171991
5366200205,7567925187.232387
3438503021,8067197453.510339
4379400580,10102308180.740225
8899200720,4520668840.55192
8651610580,10034219692.254454
3448001412,4027702953.4811454
8732000410,3981196066.098991
5437600010,4518725510.715374
1781500435,6498103576.312403
8581400015,2705808692.155298
2822049254,6263674577.695931
1250202285,14195723234.008938
5628300015,5772963425.666492
6150700394,5666042747.678792
1383500070,6570951761.240422
8956200760,7395766616.217743
7518505851,6902110660.753512
6071200455,8188056347.705686
1823069088,4626307427.808436
1454600256,9380388816.730667
8079010190,7141206281.711555
9520900230,8825225703.541552
4058801310,4849308190.762667
9211500520,3834003432.6237173
9829200566,19278087589.402348
4139460290,13148912135.82732
9407150250,4381244909.73926
2220069203,6128451353.772322
2064800610,6472701334.395326
8830400135,3611210602.427731
255520150,8305505427.84589
1234000704,17192443498.80176
9408300180,10518562035.291092
1829300130,11468105340.263239
5422420140,3744023373.776274
1645000710,3254958526.775314
2310030500,4463935680.633126
7504001430,8962902326.18085
7923700030,6654656100.557397
1139000685,8636319402.7117
2517000600,5179562078.043798
1925069066,28228347901.86373
1324059139,9234229106.102232
9828200605,10009624677.614464
1432900240,4118724053.0691614
8732190460,4155176365.925024
439200035,11261915724.548647
7300400200,5791477330.043065
8106300090,5997754476.295727
8901000445,6557574400.138144
8562780290,4213108267.851494
5556300109,13943669555.46846
7936000562,10822897311.349686
7280300196,6931644930.56282
263000327,6185765457.696235
8732040580,3870434823.786561
5699000070,20003862351.04689
9294300070,10150015136.858324
1250200495,5192161074.861868
8658300315,4530822285.487655
1432700880,3310296525.177244
3751602797,6465793711.046556
1224049095,19439201445.201656
2050100250,11720470641.940355
7972604345,3390698694.9117594
7893200900,3197013417.846161
259801030,6823667119.179512
1786830090,9570439159.862877
9215400075,7115802265.603517
1137300900,11063383912.942183
2124700015,3657639096.206365
124000160,8478755604.771329
6150200060,5858536744.793677
8024202350,6453998689.262252
8024200681,5612385681.448546
2767601085,11127554174.723196
725079058,8919255377.156418
3663500060,6296413056.710708
3303700221,9553547780.748474
1795700030,7006731240.441573
644000185,11001348188.746403
7971300050,9891113553.11181
6820100010,8638768606.151964
9465200181,9598492518.03661
1112700060,5507420647.803642
4204400201,4103795006.414234
9278200131,6920765779.463734
8665050530,7432903414.936756
1438000130,7310389832.0471115
8155870200,4463716957.190311
5694500105,9294079437.695097
3904980030,7506517545.408303
9465900500,8648952405.9903
4059400585,3445511222.950665
4319200505,7194929536.805916
1737100830,9211771837.462496
9117000230,4396948334.308442
464001115,8798269202.978552
8562890910,6227810188.168454
2600140070,11928944053.555935
1446800995,4736622472.35292
7202260210,10038225855.016424
1853000510,16296404666.70016
6071600340,7947319094.081787
1437580600,14303916765.275583
4476400275,4761715767.318086
3205400290,5493991446.728555
7853230460,6733227286.764414
5152600090,4009989317.201732
6065300570,15493318376.600615
2818100060,20157992324.865032
6145601599,4777110824.138658
5318101185,9569131416.508532
3892500150,20688439485.94739
2324059314,12389085110.652193
7203220360,14043195979.941225
3407700047,14435317001.039219
5540800100,5767149891.209799
2521059060,8295480245.683566
567000392,5373767843.2271805
1454100122,7930587065.894769
7853340490,5748285817.169445
8731980880,5409992775.472215
3359500960,7340171405.8102865
4233600260,17159059197.965696
301401410,4490408983.220124
3904980320,7550507000.766566
3031200120,5358591940.554565
6300500476,6812945928.379599
2205500030,6988294002.536611
1473000020,6825502554.742159
6131600255,3520729983.097652
3213200245,7304070484.792256
8562500690,8425486461.589944
3964400470,8238161681.246595
87000245,3428158823.49825
4034900065,9379174546.488651
7967950040,8221186767.571311
623049094,3393295068.6113424
2436701180,11201047936.45168
3946900010,7232425379.694961
8944360080,7448392525.446318
3352400661,2670954339.842391
4319200605,6921161908.253564
5210200081,6647396635.580591
9191200380,9230723396.920574
1222069136,8312860542.712885
1924069058,15117035948.715698
2770606602,9194884517.16296
9485950340,7261405781.160409
1115100169,5719127432.404289
7015200685,10089438769.599794
9557300080,7984131071.451585
3432500705,6086028069.058408
1330280100,3218129714.709458
324069058,9203831501.17725
6123600285,3013655056.5875015
5538300460,6577016359.825473
1774350160,7829335662.876025
4048400070,3910322895.8873005
4415600040,3913775408.660241
9406540150,8220819440.864611
9368700223,4862940933.415204
6431000987,6926593051.897626
7625702441,5852322089.875243
3626039229,4875869144.019152
5104511840,5861969941.053204
4031000460,2831627936.3505187
9268850160,5360147080.04693
4014400237,2861842925.758729
9550200310,8274923244.456572
5556800260,3466383523.7990623
312000295,6329885311.428085
8661000148,3738589910.108667
1513800170,6910001646.532737
8827900015,9097487735.123632
4137070090,4535680341.291353
3262300940,10149186434.70131
426069095,7546649819.295179
7922800160,6665340904.019249
6145601510,5724855690.205786
1523089097,7048970708.614905
1761600050,5504909866.48249
7555220150,10943276045.860916
7749500160,3416266752.537868
2125049024,17216586422.51257
3179101945,11530017242.902622
809001565,9206912487.417732
5101400871,5691591170.221188
644210020,11825022464.570156
9407102360,3878582410.430739
123039633,4432973580.198739
9264930770,6444351965.739761
5014600180,11271550676.838774
3083001095,7675419534.786132
2771604190,14563450235.249224
7461420060,4461009828.054382
3026059341,9899386664.046745
8946400100,6737544959.925687
6065300370,42641081624.798775
1951100110,3587306400.0290165
5151600340,4824280785.110882
2147300050,6545477881.13327
7211340030,4223185406.3684444
3822200036,5491253062.298166
4024101990,6031845480.960462
3630180380,11341873402.114248
723049156,4015478214.703251
8682320160,6906063426.056676
7504020810,9714185954.260048
1115400090,9477784884.343977
1931300688,7234407546.711378
3629800100,9595075255.040829
7137950460,4389687384.483608
9477000060,6254154972.5122385
3300700470,5344144571.455192
2205500400,7274670783.460287
3814900950,5440622844.77623
2597710070,5090969823.96242
7635801311,7040190280.969009
7000100775,10352782321.601007
982850020,5452447286.854518
9542800050,4160998468.7924953
6813600380,9978523966.816307
8712100605,11739711711.93128
2025069037,11510248169.372387
7809200005,4306934181.912275
1105000432,4779876314.8998165
7305300470,5152846622.736247
2595650220,4314596025.949714
7950302150,4035964134.5197554
9528104660,13886044293.817581
7504400620,7838064036.4515085
3134100116,8864685790.628334
7437101030,4403539815.737627
7768800290,12205097285.678034
9476200650,3519708551.051532
3343901848,5160513162.478383
6123600100,3344813280.4125175
9275200080,8102886925.888157
9238450160,5162183256.125337
809001970,12954312255.801224
2553300270,11362399405.471382
7625703945,5962662070.182817
3904920600,10108168196.82285
7935000450,15572287615.967665
9498200046,5272855187.203354
8563001070,7643672389.411437
3579000010,7135101100.934511
8820903380,8518913522.46214
3876313100,6028820504.318132
6137610620,8752614380.656155
5643600351,3968123566.2228465
7942100310,3591169120.160218
98000130,19669173128.27673
3764650050,7019392735.272162
2011400791,4222628992.5260277
1123049129,4602527052.231821
2944500420,4750033981.635437
3830630310,3796806979.1887894
8097000190,5940135612.947924
87000213,3693278974.761493
224069129,7177583810.073586
321030070,5268336021.684783
724069065,11323480146.776794
9527000040,7569970923.575218
3224800075,3488322959.0358624
192600100,6530934414.597753
5710610790,10871351830.43609
1685200110,3512202348.041601
7238000330,6678411676.054864
6056100165,3485287579.81092
3523029077,5773649998.118741
9822700285,10101143434.8843
8159300050,6640675693.308
3578400500,7952946916.5636
6139100101,5852930886.757696
2824089053,7473792296.480951
6132600380,7860146799.382804
5029000120,5637350598.508491
2617300160,6209117316.680028
3307700405,7343750125.61811
112900110,5203824419.596106
2214800270,5012507378.084755
6154900005,9007232929.650257
8698600080,4559583419.972747
1238501099,7890920238.492261
7230200310,4148973117.1966376
2174503441,7384908083.976092
5101402482,8067298349.099397
3750605674,4708579962.039334
2172000750,3350005540.3302636
2767800140,10407265241.435406
1900600015,4390881975.34935
4040800360,6470867556.32959
1224049005,13547866976.328197
5244800695,7255108678.619989
1066600090,7619021681.953346
3812400070,4616013792.033058
3972300169,3830269160.501082
2324039036,7656519252.385963
9578060660,7677002501.037323
7853280550,11254750475.38678
5406500480,9970925628.033401
3622069095,9112255510.975529
1703900005,4927106487.618259
6021502830,7793598518.867045
2881700046,5842890219.834343
4077800593,5500744396.952719
993001914,6130088614.916062
5101400561,5322888239.03035
1775801020,5861831948.800615
4154302560,8825037247.5308
3880900170,26580616467.923325
3754700420,5604488304.837324
2128000050,8866592825.70791
3658700690,7475540499.334673
2255500123,9280845402.470592
5515600087,3213462351.117279
7349600230,3729446668.2322745
1736800520,10703582888.903345
6822100750,9023613470.015219
3668000670,3817963895.382204
1972201772,8714312203.626781
3885802970,9772613235.225353
3211600650,5127194747.535515
7853230590,6847086031.051767
7394400080,12898538991.329163
7338402160,5652554879.748559
7227501190,3556597632.865419
1137300340,10193788286.277071
6303400460,2694643083.8500476
1430800162,3623164862.386616
2887701940,8176865313.998199
7195800009,4080296417.7618647
3797002575,9178723107.449772
253600160,5999617434.039139
7203180070,12964988782.276598
9285800275,12155153246.426311
1231000520,8942401378.970415
6414100231,6034887032.734302
1771110090,5614143728.584821
1217000481,5237038514.092579
1608000120,5173401228.529122
629650370,3683573134.9939575
7284900385,13332554825.285635
7203220130,13984639707.631458
2621700010,8780164961.38887
3905081070,7694968258.60342
7899800915,3158168660.818076
7278100515,23492296173.551315
7199340560,7010483858.675624
9541600355,12904802250.612503
239000155,7253237111.149718
603001050,4009150403.77464
889000015,8588427350.484455
8572900275,3240941881.058677
191100435,17263659366.480286
1777600880,10362298476.395971
9402800005,18159541116.466938
2071500011,6337447666.447831
203600590,9700383000.744408
5101408593,8709311545.920555
1231001090,3762498775.2937245
1972201773,8681403798.479378
8074200100,3729597844.3081217
3574801780,7258444500.748553
7436900045,6489483714.55005
4099500605,10631680644.42982
9808590210,18493496597.02775
8944300110,3226783182.083534
8832900120,8433936965.28551
100600860,3026271805.5299926
5694000710,9609265798.543732
4139440460,12424285285.465208
2619920030,12635243010.370277
1024049024,31129026235.7609
2156500220,8446099516.470539
7351200050,23094851827.13919
7280300042,8765996915.013203
2221000100,4350285965.439129
2781230070,7244633303.021279
1081300450,6197210345.55785
1180008370,8046028674.564952
291300280,4229510365.1694584
1115750190,12579941555.647657
622049106,6489947927.779578
924069190,7893817404.923542
9328500680,7798982544.809416
7784400035,10882171887.128742
2923500750,9214601251.144114
3432500200,4254355272.4888597
3578400950,6752557605.989476
1525059215,14282177879.12386
2481610050,13629820672.090752
1545803390,4224918166.77179
1355000220,3526508724.9840813
1465400120,8024560543.775969
7340600068,3451086658.365703
3396830020,7295722992.197023
434000030,10252998346.650969
1922059298,3254947647.568951
7300400670,4130020626.7061815
3362400094,8006843362.7946615
6664500090,12026114174.829891
7137900960,3731472148.903497
2597501190,4624254541.576651
59000250,11108256300.76046
8682260850,7741059180.526386
222069029,6895807842.845279
1563102435,11145294936.597963
1781500385,5096567036.5585575
8691420050,12864443286.479803
5347200162,2849670301.0195546
3905100210,7001054835.563352
8857320030,8332509597.960631
7853320470,6699775533.597237
6450304260,5081784727.048843
4040600190,8478595185.645487
795000620,2906123219.237121
7550800015,8459771178.133659
6431500122,7833429692.950365
6624010170,3717676773.854987
1560800110,8712703951.10913
5595900280,3190133476.237084
8099600160,7577231428.070465
7625702400,5323927851.854725
742000060,9395801797.572323
7299600130,4761611969.85813
6192400180,12420674592.92912
3226059083,8820011098.232891
2767704756,7139081455.957142
5710600620,7846448572.279061
7348200195,3354742448.1249814
1829700080,5366332442.623306
104510230,3665037280.732531
3235100080,3806630244.2779517
1196003740,8786407435.21606
7236100015,3896100162.2385454
7167000040,10751412183.83766
8857600220,3257306437.667525
859000160,4146188440.6144023
8835220200,5220650471.9265785
2391602500,6962023624.071214
9542830050,5078133178.383617
7225000045,2972235055.030071
796000235,3525717416.222837
1423600020,3727543897.4873905
1931300090,9334909538.786243
7551300065,7540825447.430412
222069058,8702156195.640104
2473251090,4140183243.2949734
2225069062,9088024291.584585
1777600490,11288360599.485785
1150000740,11153584338.550032
1402630190,5694654160.399254
1912100875,7946583252.870924
4047200850,5140740135.310534
5469501830,8465577845.889574
3629980350,11255377369.926926
4403600240,12344276739.087368
1868901690,10178785853.374567
7370600050,7569589976.847686
1328330290,5089796016.731583
3578400670,6278096699.2161045
3454000060,13233966597.225552
4035900060,9430164923.295706
3096000040,10864916319.811491
3935900093,9327625040.75822
5652600069,7480205571.765522
2212500430,4015405239.673448
293910030,11170473755.029366
8649900440,11278542598.89429
6917700356,6610752383.447025
7202430150,12572409110.626333
1509500060,6238770457.3957405
1523069095,4250671868.0562134
5035300255,10927367411.498161
8024201055,5364240004.136559
8138870470,7244640128.356341
2625079030,11527688554.956446
7702600949,9367481856.14203
2011400520,5389434110.061712
3425059222,20718331166.34877
2115720130,4486290854.364234
9211010220,8066524532.713609
2788500090,4048334938.9061255
148000375,12897652403.374048
1498301213,6465569474.757161
7300200290,11229242156.937708
6799300150,4544429458.906816
6072100790,9372397029.323896
2175100270,15613859567.109463
5493110020,25970819549.702427
6204200470,7037304291.0556345
7167000060,10736953318.603167
2660500365,5226470187.451052
9523100731,10154330193.130314
1035000007,5569537438.881047
5101405331,6938800551.704625
952006728,4865270247.17992
1217000270,4295576811.978653
3410600335,5604007141.971748
7856640560,16992559337.401466
5409800120,5312836274.725966
9268850130,4654393628.899487
825059270,20104612450.657833
418000310,2995636235.642584
2161400060,5113465488.553483
4006000423,4730210611.990577
7200001254,8157164135.234503
3574801310,6322060393.918669
3814900380,5637439997.769432
8818900060,9247016397.953386
7129301851,5445888277.045946
1862900040,4213275514.4747257
2787311480,4220636024.739062
1959701890,12070110286.20689
7852030310,6326237804.414444
5412100920,4149215865.8591146
7203170190,9999052433.310596
2260800170,11391680158.920732
5453700060,12180048949.71657
3885806840,12140237139.111202
9178600360,10041838778.7523
9406570300,6226239786.33012
898000220,3672382684.4468265
1775900140,7065611296.889886
2848700095,6699779468.482786
1832100055,26398829198.06976
1525059160,20954149388.72554
8644500010,10282659953.352463
1423069129,6529404678.942909
4083306045,17134948756.085928
1442700250,7558375027.374382
4215270070,15324066530.737072
7254000100,8673543709.39596
2481590090,10197704754.312088
9202650100,8091633278.376993
6135300010,3627702280.5823593
8035650500,5055138732.972421
3259400024,4433473232.359628
2880100675,6310555030.471806
993001342,6287196465.4022255
3723800415,6138081596.084713
4139400630,11915967366.255825
6979900360,10554541498.843218
2023700040,9940710924.952478
686450490,9481521415.146692
7524300020,4065454706.592623
7129302095,3701691520.8820224
6303401395,3479664689.225733
2877100985,7852505426.237934
9485951170,8041364076.262749
8670000060,7630526341.66025
824069173,9230267495.082653
2273600460,7204231573.263734
3278611600,6318582570.78046
8562900710,10096609602.739101
3295610350,12774690345.081041
5015001680,10415342902.223764
7518507580,7806793761.505888
4310703083,5685484235.119416
3303910010,9172327635.123577
8691330500,11619195317.911074
2767604592,8023295048.484023
2856101290,7243430838.904952
6654700250,5740150942.036484
6150700264,5861120359.520337
3352400351,3644739463.4458103
2424400130,5486577550.984172
1133000542,6090589549.636217
6821100195,8662849467.585638
6744700900,11561818383.91527
7351000160,5523810218.357491
5137200140,6252029180.138227
7212680020,3683467284.849701
2769600560,8230383055.022187
4046500160,7830548747.672763
301400850,3439329721.347256
8648210050,3758248448.9588494
3558910640,7417848353.632519
7199330130,6309045837.182223
8902500118,6350333560.551777
5621100115,3648792241.207842
1787600294,4945572214.915913
8861700110,7538451069.967
3959400400,10512706613.632414
1843130210,4443873635.964254
3977630130,3020440030.1670647
2770604081,9837611560.604834
6699930260,6084818831.501212
1023059465,7402326183.979229
1774230180,9352276170.543821
1138000450,5711405990.568755
686400670,8981438645.82901
522059299,3765130753.47889
1818800289,10021494420.89822
2767604724,7429471375.044145
587550340,7366247134.304544
4083300510,8418785148.368741
7941500170,2624532531.0474076
4060000240,3265166530.914601
8663280160,8277008253.772779
9144100007,12806699266.668705
3362401815,9613531122.787777
1149600120,11205774153.053871
7230200585,10510539160.874575
4219610320,8253226346.793101
1862900690,3523363637.380625
2110200036,10546535406.805696
7942300070,3824595673.965133
2767604247,6793080457.943997
3523069008,12988047527.383121
9406530160,4783340827.579853
5021900140,30172024742.35157
5561301150,8059308332.95764
2110900050,7530593317.7705
8645500160,3962744875.2200823
8564950280,7927121113.586956
6300500505,4858483653.676028
9264901680,3908189250.4902844
126059242,8238163886.313674
6632300567,8927650356.014858
9808630210,13927930233.774029
2887701420,6369602075.741286
65000400,8241105617.349169
7905200230,9273286212.933813
8827901415,9321288182.551228
7882600332,14592900064.973303
5649600266,5415495410.719372
6749700063,5718392640.266819
4140500055,6995225334.168703
3422059085,2792495121.843065
7625702155,7052406714.242883
8682231190,7860373402.96867
9264940130,4780921709.429506
5701700640,11402356745.229578
164000261,9595986313.496117
3342103282,5774731611.211408
9126101121,6792747365.465733
3421069049,6056947308.009939
2926049408,10160427947.851313
1828000760,6995944108.974744
5249804655,10257759145.157955
7490000040,35432693320.63834
3204800370,6961219662.620421
782700120,4770190442.323948
8842400071,7551307380.573905
8663100050,6805773159.951751
8643000210,5585038687.973806
8562901350,9879677275.353855
6402700110,9213906949.392176
2768100510,9481810828.871412
6450300605,5504760625.446008
2767603215,9110509744.39588
2926049564,5507522704.402439
3862710030,6639088772.716372
809001060,16366613140.706697
4038400150,8413083616.516975
9235900030,4510643819.6023
8682262400,6426945205.930806
6190701110,5769475479.358428
7304300570,6393791651.03645
624110610,12021166050.12331
323059316,8416300739.108958
2695600005,4792480265.582085
1338300170,25902529767.325302
2426039313,4442883283.479241
7683800212,2913202355.221284
3905090130,9682186496.708317
7922710690,10823115290.594631
540100056,15905883424.685682
4315700175,6072084305.604263
4187000250,5939145462.725977
8558600085,5411630635.732965
1355200060,13413588161.815844
226039316,17237950927.01762
1820069019,5509609298.591144
5422430320,3632022948.421252
745530040,13594429487.578804
3329530030,3661810121.5027585
5013500110,6875956212.993505
1446400670,3701402115.4616814
2597460090,12885703611.057207
8864000250,3750634462.9551177
4068300280,4065710130.562603
3141600600,3732660847.267057
3211100730,4543053223.69294
7243500025,7133710932.782663
3840700205,5488454113.691444
3885802134,12732966152.905592
7369600080,11373456076.950417
3205100130,5171598722.575932
7701960210,12488335622.46978
8677300550,9371778138.470072
4330600360,3642880319.9110484
9478500770,4977243721.562703
2421059090,7311700712.5606165
7849200635,3180358128.534053
3362400511,7204235510.187772
9268851630,6809725545.552581
8564860270,7432756367.427211
7888400500,3743574766.0796022
4218400005,15035573842.84633
9521101315,8021432536.753641
4338800685,4314679497.10111
8965500020,9888927391.312366
3299610260,12452728184.384064
5683000033,7394802975.708138
2019200220,3426451709.680542
3271300955,13954240347.348442
5468730280,4038802913.2901444
7936500172,14291980335.954071
7167000020,13557228210.330826
7663700551,4724220187.45911
6450301690,4711695098.554733
6371000148,5866181298.50184
3438502290,9306546024.506624
6613000715,19349740468.31432
6071300550,9592680557.1871
5561200310,8137877210.137331
7625701045,6121933771.438929
1972201820,9829891899.68292
3856901880,7741849604.758165
1959703070,13232517099.682459
8822901200,7064296690.714511
2923039264,10381118827.558708
3276930420,9898887435.169441
7979900806,4863479935.094048
3395070440,3996023687.026023
3204800330,5154126494.709351
6979970150,7492272748.244735
9530101535,9185493437.235655
59500050,4294283184.539403
3779300210,6919147677.634625
2138800060,5816798018.033624
7831800110,5195449857.717232
381000110,11646408319.047026
7605800050,11841885048.977365
7203220260,15223199440.466448
4443801160,7001292121.379882
7214720510,9748202959.423191
8682280340,6603209032.228968
2719100042,8136485923.23839
4218400395,21702123303.943527
2724079090,19785422078.947407
1737300110,6837094843.816179
7852110740,9807485461.94084
1778500595,10893899924.250484
1454100127,9155499492.788893
9197800010,27488359287.30022
2138000120,6311328637.855947
3342103369,7617772089.040267
1545803340,4229617260.764405
414100045,5950472514.823122
1266200140,27821863881.824234
2817910030,7004489937.000286
3530410081,3785004179.0282187
8029550020,5833719139.91303
1980200384,11677949579.437204
3175200220,7367054071.750707
686530110,9815177446.36025
8856004786,4141770842.326865
620079042,5365468544.407019
1732800184,7719314472.989239
1442700360,6516453416.8419485
304000380,2983497784.0378256
5141000685,6328964502.348675
1946000100,6862116549.462635
1311400120,3647270953.9488206
4222310410,4444412668.867085
5701500030,18240860623.459137
7301300050,5801372186.318507
1588600045,5859749061.807932
3523029041,8110504124.996315
9407600070,3682059496.001579
6865200831,6422410832.974685
642150080,8679981952.690523
1232000950,7461475881.195033
4022902555,10875453145.56935
9547204675,8653137844.43667
8078550250,4638923339.229469
6021500320,9143436541.138618
5634500182,6025141927.377611
686200510,8500165861.7767105
4310701565,5607832162.125461
1761100190,3459851697.30977
9161100730,9283518569.27149
4046700210,5871218728.210788
3905010140,10887041634.205616
6401700010,7290931825.132367
3760100200,7162007779.970319
585000095,9178635050.495792
8835800010,18431519382.154205
2436700655,7381145920.813893
2558690150,6909523777.321066
2013801086,3420033712.494855
7308600050,11552556281.12553
4047200825,4088093169.477161
7202350060,7420399157.121765
1944900090,6530785909.599097
4450700030,5937898015.596126
7925100271,5139106238.898876
5381000048,2741251296.1999106
5317100750,36330504944.86683
9297301015,5097577184.316684
1525059112,17067808122.336082
7588700204,7778332869.294576
1931300010,7329474423.286817
2946000285,3453444067.5114717
3262300235,16796043810.802895
3083000048,7524895630.643708
2407000110,3781788826.1786323
104550580,4033409130.0992217
7934000145,9055421331.088333
7550801170,7859381132.698091
7977201065,7545965104.791945
9346700280,11560408483.214016
1324079054,7228986095.19793
1623301185,8774131902.056683
1048000060,7261596959.424694
4083801395,10515013977.167646
3814800280,5350496031.661841
5693500760,8977176868.041168
4477000270,8752471131.226376
5149300400,4716333257.148845
3760000020,7277493852.43032
1118000465,25792762124.861927
4139380050,14089418555.434196
5406500170,9851376104.648977
8718500495,6300109857.51995
6607000126,7134561635.721131
4083302370,9607777881.083014
7201800300,5906272265.615365
1825079005,10228527264.195131
5459500125,14678526177.23652
3404700041,8144188677.2238245
1432400570,3499169962.527076
7625702437,5852322089.875243
4123800270,3767272637.5277715
8658300455,4977233811.039955
9279700013,18240839647.306805
9482700075,12830370651.291656
9432900180,5054294580.128316
3644100101,5580408282.684273
8835400290,10387139502.966791
8824900120,12887089457.356703
3581100330,5129778362.262175
3343300644,7399828845.691248
5469650040,14816233041.621212
7575500150,3221767597.5401773
5634500036,6199231923.113116
5415350480,11257885514.5443
629650030,4197772327.4653254
3630160610,10825802897.998041
5451200110,10656605859.227856
5153200358,4362792453.815878
6073200020,6454578424.544574
9274203036,13041949486.429852
5113400431,8685376926.397299
139000185,11468042545.613707
7805450040,12864841400.125307
8887001215,7630582027.537334
8682281200,6969847950.891243
4137030040,4256129465.073085
1545800290,4105801275.705538
455000190,12176216257.752829
7508200080,5918518926.3651085
2558160220,6016293961.264938
5019500215,8665435275.883505
5652601455,10868005633.547989
7202330270,6529348260.7296295
3278606200,6498806024.33049
3034200142,6470135549.886377
224069134,8613715559.802717
5365200040,3885521442.7667336
1683800120,4883311492.578544
162500030,5023853144.710527
2887700091,11089094686.587105
3630130130,9096241724.706612
8682291720,7327841337.169259
9238900085,9201683221.26776
255400070,13038623303.015118
2558670110,6535478249.643413
2892700041,4361945343.645851
5104520620,4480241523.418278
3630120700,12001593384.427357
259801110,6159316190.775741
2426069085,4671534895.352879
2310040020,5134947501.376398
1823059030,4538739490.556184
3756600240,5530062145.061165
6453550090,13425042372.6927
2968801075,3917973044.3070416
2424049029,40833175038.364395
3057000070,4455809098.960081
2473100450,4671595073.440061
4054500390,18986418518.0534
8805900430,13192728582.778265
1748800120,6218500097.761712
3224600310,10355720758.751806
5710600030,8752206149.984352
7202340860,8558974775.071382
2877102180,7728801892.762534
455000841,7541762244.111121
6822100780,8396118097.733246
5637500082,4610302536.573679
5029450160,3397032925.039972
5113400535,10519843793.956242
7504100910,9602161437.169037
5702450250,5009583898.8222275
7548301044,5814797957.484909
3449500135,3942643491.063869
9221400335,10094722007.282257
2888000020,6135547404.120077
8815400410,10211338830.01025
7760400210,3676419321.7624583
5592900205,6108956959.872742
5100403947,8777303148.355423
9212900820,7324011648.555675
6073300790,6953468668.30329
809001520,17890194575.248398
7899800120,3877968135.502855
7663700792,4616110330.846226
3121059033,3904482874.938998
5031300011,4169769160.6619654
3630080120,4854908199.454887
9282800075,4360677550.7598715
2422049104,2745637849.432091
5535600640,8037489788.612979
9541600350,10862597880.705345
5249803885,8269107890.070898
3204300705,8902618298.974602
923000265,5908128244.373068
8815400735,11903578655.831734
1591600506,5210000632.104795
9206200110,5425229265.5821705
6389970010,28283173339.111984
3356402020,3079275584.7226434
4222310010,3535031463.7420163
7559600200,9872782669.907463
4475800065,5723630381.959069
2201500980,6788332861.045201
9433000480,12946837186.02379
6837820030,6726032376.444424
5420800090,3901716746.8373995
1085622890,5171392012.891736
8658301535,4245757757.5553102
2533300680,13920395557.470278
2591010180,6122480701.54952
626049102,6087527752.291051
6134500070,8399906168.827562
6386700300,3585920388.0861244
3333001430,6244512566.330449
5104512070,5409305950.75523
1773100604,6249281417.328276
7305300370,5145416376.231582
2314300200,6070760031.15595
1781500435,6498103576.312403
6623400217,3906642875.6976132
1524800005,5364319412.511318
2600010360,9438911085.406944
1773101340,5288602576.857709
4302200625,4409370831.491219
1775930440,7283453908.946754
7237600130,9918499431.902617
8121100325,7332902983.072715
3326049077,7595321881.228414
2800031,3721585476.205104
5381000411,3745938492.961971
5420300210,3532804999.3114204
2856100515,13032009772.90341
2254502445,6955729712.429428
1402900380,4234982627.673144
3448000410,6086507795.747759
1018000276,3314942016.832872
3308030060,5008238691.80901
6705870080,10583261928.466337
3172600031,4729751919.062294
1523069197,5573395849.719598
6891800250,9421839535.179087
3276930270,11208496442.633965
2569500210,4808778260.928743
4177100005,9909199759.49864
6055000430,7854981795.752407
9274200322,8613862033.5121
5592900020,7631938235.60706
8005100540,5050264779.256105
2923059064,4459592506.7252445
4337000070,3056593913.307656
2493200370,7369103383.633746
1337800665,22002501252.50635
4307350520,6959640653.764533
629800540,23047333420.04122
9558050230,9957487865.999802
7568700135,5847235121.603176
5006000170,3584176229.789315
2741100741,6601118083.117567
2155000290,7709098124.888859
8079010230,7766240261.725023
6882200140,3746046930.6379642
5739601300,7024887717.360563
579003645,11501389056.713137
6332940020,7285614338.457168
6076500220,5756856383.282993
4013800206,2989659231.3208795
4024100807,7992207447.74331
7851200040,3893371685.048648
5067400162,4132762347.443319
5456000280,11745335352.127382
6152900332,5128596898.105125
9264960850,6990475282.255451
7199330170,6933246682.03458
510002065,9874502901.743046
7954300220,9559449923.294308
626059317,5416498892.059345
1431600180,5057101228.801989
6021500840,9850588120.769537
715010530,19933843311.49552
2624089181,5207406626.021929
3308010040,4431811372.737094
2826079101,8064978822.302419
3629960680,6719357500.456396
1782500095,5519551655.62133
587550010,7874106623.388962
7525530590,11348323240.085518
7454000030,4410172488.205731
7284900030,15607705430.083925
7852020300,7569219502.474805
2024059084,10352752275.907242
1722049154,6691092240.342209
8663310050,7388889352.452394
1222029064,6287972020.373683
7504200120,7722974082.584373
985001082,4155583605.5228014
325059286,13623923391.065086
2856101540,10327995485.072794
7237501370,19291157341.667244
9485930120,6123106971.678421
3221079050,7779834209.205776
9264960560,5769014713.605182
3299600120,11054458568.757113
6891100590,11453290634.463617
1121059105,7452483057.951738
1081300200,5546694336.923913
7225000140,3603042161.5739293
4027700014,8909588661.660265
7299500200,3134847073.2199783
3585300415,7934411101.038453
9274200735,8480936287.31728
625059051,32324834601.65613
6414600321,5434241315.450128
7883603945,5500228475.945377
9842300485,6380511421.732197
3303950130,5413696294.348241
5562100325,5048107307.786392
9268200585,6035150918.186767
9523102447,10608145331.58364
263000329,5702535117.619366
1760650610,4912364670.449579
325059131,7663160061.866131
3585220070,5967940230.182638
88000173,6841641830.410382
4137020910,4211854575.6652694
2201501015,7372298192.156762
3530210260,10728210520.960287
2623029003,11488303404.929623
1232002015,7684091929.122167
7933250050,22136680160.11888
993002177,6033805243.869525
2473371570,4960457234.501512
7853270520,9570809165.20979
2324800350,12279606100.87478
3459600440,15246015651.335781
4432600075,12667702702.1005
2538410140,5225140271.7243185
249000115,9641556569.315346
3353400092,4574136892.502848
1923300135,8870042497.792896
8946780080,13124734815.365904
2331540070,4861538466.707303
1588600110,6214184779.599141
1344300090,9419089972.408794
7696600240,3174000799.1231446
8562790730,11643182295.193838
7203101590,5451455881.551109
3630220220,11819015390.361324
9808700762,74741613118.25427
117000003,9396116701.59651
7349400610,4202763257.760639
8682320900,7911505139.588919
7550800916,6380998785.330725
6071900130,8881602200.518507
9346980140,8799499229.390055
5255690160,7249744238.863771
9550204450,10272585851.462765
6788200596,17676843587.39663
8563050350,9299359632.261553
1311500020,3800962845.2936735
3744600704,4298710476.715632
1387301740,5180957457.513712
1972202080,8673560965.974752
3582900310,9547353159.687832
1036450170,9645112633.839993
603000555,5593029782.766832
1338600090,10969684859.546324
1773100541,6235101574.623968
1450100390,2682994148.7869134
9238500100,6936036648.520596
1443500905,3571298305.311681
9315600050,25993856995.300724
2856101105,7661730108.293818
2592210160,10478006856.398708
1796361100,3863285877.4753857
9828702095,6648782174.522783
164000174,5035842360.0080805
9259900025,6237072557.743751
3574801720,5880621237.020219
7010700110,7915564078.134887
2235000015,4506503967.687381
6788200295,8220940408.059881
7334602070,4258245825.715013
9274202270,8025306600.815116
6791900260,11597086331.3233
8732130940,3781426589.9141
2767600921,6246375739.273831
1843100070,5316887248.5941105
7854800090,12587981198.924856
7140700850,5259297664.29265
1430800279,6794408936.761975
3754501060,14799603998.90967
3445000005,3497640089.52833
104540840,3330701485.784174
98030160,12605527146.195274
811000050,13741222446.994783
3438501150,4868925074.263164
7950700120,4645966119.406951
255370420,4816188219.871654
7663700261,6035834863.303079
3715500170,6195587416.823735
6798100661,4773659265.249037
1193000220,7891648444.120838
3904930240,7691543247.832136
9413600100,11424674791.292185
259600260,6404975307.985927
5506500070,8178368191.638955
7212680850,3909425622.845844
8682280270,7021924693.185083
9424400110,9495067770.381567
5700000245,8804770373.412323
7987400285,7899266349.745797
7548301050,5814797957.484909
7197300105,8062168130.126099
8899000430,5306443698.766092
7298050110,8902802002.687973
7199360090,6132498824.52563
3862710210,6437282163.676214
642500080,6957362159.021111
2223069120,6525822761.818256
1774230090,10082798386.192707
8651402750,3180711656.4096966
518000040,7087242102.893091
321059091,4725010361.643331
5104650020,5748200952.122124
7138000170,3628519839.46804
255450390,5716699973.964242
5009600010,4086654456.3461466
9358002305,5820851667.336948
2323059184,4906900397.533294
1732800820,14237044687.875364
1223039242,4352623122.936186
6431000270,7489564231.515821
927200380,6473682788.879608
1447600285,3575573778.794614
2268000370,2821939627.149402
7625704510,10914938720.421791
686300880,10415383408.49685
4204400098,5570044689.647305
952007141,5555215421.209036
982850010,5711568091.135377
9238440130,4866160678.792753
293800410,12752293932.085077
2114700540,3648958777.656666
7428000120,3446593394.027728
193300140,3250384502.2387204
686200840,8944205132.7979
2523069146,7475492010.843738
6012500100,10360493199.678637
8644400040,10270527480.32868
824069188,10495149870.646936
2755200110,9448426824.794094
2810600210,6727947912.167231
869700060,4248286557.6321816
4107100190,34617366431.89081
1450300050,4040155304.8626084
1509500380,6014205740.848976
3275730120,6009070168.430808
243000380,4962635567.984317
752000035,10714442499.54138
9828702902,7690852635.292343
5255300150,6159527118.292714
9551202025,10058123532.809523
7525420150,8979961990.676184
9407102245,4134184482.6674404
4038700830,9783820369.602036
8024200350,4570854061.877209
2525310320,4101908198.4080005
7304301045,3750581475.917368
1402810150,4366323004.328262
1775800710,5397927080.311168
6865200095,10616580157.22132
1796360080,3861868923.7009215
2325400330,5503829134.5263815
9492500090,12093191068.597286
9560700010,8836222817.409355
5708500208,6880320479.379235
4038700190,8782159479.429817
546000875,8683374161.940453
1591000015,4352570409.091301
5253300387,4017367697.831653
8856960540,4502960233.140702
3867400175,10286088805.072788
2450500110,10565957106.382608
4045500715,4421802143.151753
1771000760,5409474063.99605
5316100220,15875026211.532873
7852180530,5438126743.221023
4279600080,10083701655.271782
7504010570,15479232288.20569
2023049350,3809793700.42064
7972603385,3288145770.4208093
1951600150,3574092529.0764036
7852090810,7887802137.933542
7853321090,6392283360.101384
304100010,3832237253.400519
6383000825,8123657744.789628
7972601100,5244732291.922069
2320069189,5455710051.497685
5379800446,5476850392.558583
5230000020,7915300500.022842
1193000480,15684665883.14496
626400020,10573097553.156895
2944010210,15450758808.258755
220069083,7975515467.478201
1522059120,6096045601.492967
726049184,4667525010.309174
4427100095,6268531219.842681
9290860140,7212446721.585791
2126059219,6544109877.600023
2122700120,5841583301.446038
3298600340,5667586271.630927
1186000095,12433639413.374565
7942601200,6710652364.675786
3904990030,9124238529.178402
1612500170,3309219795.853818
5727500301,6590162867.971034
3876200060,6387533649.666736
6341000020,4003317681.0601883
1025049174,15619382946.427324
1226059105,8903312009.58065
3574800010,6310315512.337286
4036800910,7622199193.89832
3390600025,6025331017.086885
2473100635,4169069657.128828
795000765,2748946468.3555126
9542300530,13537078140.547573
946000295,6568097566.220015
248000240,2944629662.1978655
3205000310,5238098415.370163
629650380,3727963162.9074817
2768000400,12368687485.865227
795000865,3051483914.9501405
3221059044,12410471816.745132
5693501028,7261596959.424694
8682300010,10349799576.023655
293720180,6067854238.581906
8946750140,3826920852.442267
3216000090,11385206225.725643
2130702270,3809620987.503697
7504000510,11505754123.968868
427000065,11465788922.340818
2771604226,8960583216.659437
7696300080,6335277274.965934
2738600080,7318329629.982254
7518505375,6208532899.747579
1180002470,5140824696.302307
2122059236,4808664407.581663
8944550100,8531313440.189497
8682310470,7319031052.677371
7649900175,7325757580.456474
3630070280,7410799988.232577
1901600095,3838303548.1697273
8081500060,37858402771.0264
1724079048,7119508714.5805645
7851980260,27709580185.12135
1737300130,9479754245.482813
3999300080,14478473731.980944
3869900138,7154010309.512774
6639900219,7468627317.807604
2287000010,9293327549.452229
3852900026,7906015921.513322
7893804340,6045918082.523962
3333500096,9212630730.067307
629810560,12977758697.0349
6149700315,5668626362.405452
2899200040,4169769637.2247853
4305600360,7540137245.683614
8691310040,11475210899.451168
3501600135,7168634138.740524
622069006,22266740600.610054
8691390770,10979876413.095633
5700000465,9974499300.568354
2742100250,13553109458.90997
9492500170,13404366387.070797
9406520830,4299617823.852794
2191600780,3079491023.48704
9407001700,3519657830.036819
5412300410,3367450121.601748
715010130,20791645617.75384
2824069373,12752680161.841623
3329520410,3641497423.2709656
4322200220,9852347626.547392
1432400120,3305905493.0332346
8731990370,5907580769.770727
3205400150,5633071723.415507
5249803745,4672268072.080683
6163901772,6400139400.474359
3626039187,4809770967.418101
1000102,4370546943.609638
